<?xml version='1.0' encoding='ISO-8859-1'?>
<configurations>
	<service>
		<servicename></servicename>
		<displayname></displayname>
		<servicedescription></servicedescription>
	</service>
	<projects>
		<project nId='1' type=''>
			<title></title>
			<language></language>
			<extension></extension>
			<programminglanguage></programminglanguage>
			<deletefiles></deletefiles>
			<localfolder></localfolder>
			<html>
				<htmlfolder></htmlfolder>
			</html>
			<tfvc>
				<name></name>
				<history>true</history>
				<serverurl></serverurl>
				<networkcredential>
					<username></username>
				</networkcredential>
			</tfvc>
		</project>
		<project nId='2' type=''>
			<title></title>
			<language></language>
			<extension></extension>
			<programminglanguage></programminglanguage>
			<deletefiles></deletefiles>
			<localfolder></localfolder>
			<html>
				<htmlfolder></htmlfolder>
			</html>
			<tfvc>
				<name></name>
				<history>true</history>
				<serverurl></serverurl>
				<networkcredential>
					<username></username>
				</networkcredential>
			</tfvc>
		</project>
		<project nId='3' type=''>
			<title></title>
			<language></language>
			<extension></extension>
			<programminglanguage></programminglanguage>
			<deletefiles></deletefiles>
			<localfolder></localfolder>
			<html>
				<htmlfolder></htmlfolder>
			</html>
			<tfvc>
				<name></name>
				<history>true</history>
				<serverurl></serverurl>
				<networkcredential>
					<username></username>
				</networkcredential>
			</tfvc>
		</project>
		<project nId='4' type=''>
			<title></title>
			<language></language>
			<extension></extension>
			<programminglanguage></programminglanguage>
			<deletefiles></deletefiles>
			<localfolder></localfolder>
			<html>
				<htmlfolder></htmlfolder>
			</html>
			<tfvc>
				<name></name>
				<history>true</history>
				<serverurl></serverurl>
				<networkcredential>
					<username></username>
				</networkcredential>
			</tfvc>
		</project>
		<project nId='5' type=''>
			<title></title>
			<language></language>
			<extension></extension>
			<programminglanguage></programminglanguage>
			<deletefiles></deletefiles>
			<localfolder></localfolder>
			<html>
				<htmlfolder></htmlfolder>
			</html>
			<tfvc>
				<name></name>
				<history>true</history>
				<serverurl></serverurl>
				<networkcredential>
					<username></username>
				</networkcredential>
			</tfvc>
		</project>
	</projects>
</configurations>
